rank,Youtuber,subscribers,video views,category,Title,uploads,Country,Abbreviation,channel_type,Validity
1,T-Series,245000000,2.28E+11,Music,T-Series,20082,India,IN,Music,1
2,YouTube Movies,170000000,0,Film & Animation,youtubemovies,1,United States,US,Games,1
3,MrBeast,166000000,28368841870,Entertainment,MrBeast,741,United States,US,Entertainment,1
4,Cocomelon - Nursery Rhymes,162000000,1.64E+11,Education,Cocomelon - Nursery Rhymes,966,United States,US,Education,1
5,SET India,159000000,1.48E+11,Shows,SET India,116536,India,IN,Entertainment,1
6,Music,119000000,0,nan,Music,0,nan,nan,Music,1
7,ýýý Kids Diana Show,112000000,93247040539,People & Blogs,ýýý Kids Diana Show,1111,United States,US,Entertainment,1
8,PewDiePie,111000000,29058044447,Gaming,PewDiePie,4716,Japan,JP,Entertainment,1
9,Like Nastya,106000000,90479060027,People & Blogs,Like Nastya Vlog,493,Russia,RU,People,1
10,Vlad and Niki,98900000,77180169894,Entertainment,Vlad and Niki,574,United States,US,Entertainment,1
11,Zee Music Company,96700000,57856289381,Music,Zee Music Company,8548,India,IN,Music,1
12,WWE,96000000,77428473662,Sports,WWE,70127,United States,US,Sports,1
13,Gaming,93600000,0,nan,Gaming,0,nan,nan,Games,1
14,BLACKPINK,89800000,32144597566,People & Blogs,BLACKPINK,543,South Korea,KR,Music,1
15,Goldmines,86900000,24118230580,Film & Animation,goldmines,1,nan,nan,Music,1
16,Sony SAB,83000000,1.01E+11,Shows,Sony SAB,71270,India,IN,Entertainment,1
17,5-Minute Crafts,80100000,26236790209,Howto & Style,5-Minute Crafts 2.0,1,United Kingdom,GB,Entertainment,1
18,BANGTANTV,75600000,20826993957,Music,BANGTANTV,2281,South Korea,KR,Music,1
19,Sports,75000000,0,nan,sports,3,United States,US,Entertainment,1
20,Justin Bieber,71600000,30608119724,Music,Justin Bieber,249,Canada,CA,Music,1
21,HYBE LABELS,71300000,28634566938,Music,HYBE LABELS,1337,South Korea,KR,Music,1
22,Zee TV,70500000,73139054467,Entertainment,Zee TV,129204,India,IN,Entertainment,1
23,Pinkfong Baby Shark - Kids' Songs & Stories,68200000,38843229963,Education,Pinkfong Baby Shark - Kids' Songs & Stories,2865,United States,US,Education,1
24,Canal KondZilla,66500000,36775585925,Music,Canal KondZilla,2572,Brazil,BR,Music,1
25,ChuChu TV Nursery Rhymes & Kids Songs,65900000,45757850229,Education,ChuChu TV Nursery Rhymes & Kids Songs,633,India,IN,Education,1
26,Shemaroo Filmi Gaane,65600000,28648024439,Music,Shemaroo Filmi Gaane,8502,India,IN,Music,1
27,Colors TV,64600000,61510906457,Shows,Colors TV,112915,India,IN,Entertainment,1
28,T-Series Bhakti Sagar,61000000,29533230328,Music,T- SERIES BHAKTI SAGAR,13,India,IN,Music,1
29,Dude Perfect,59500000,16241549158,Sports,Dude Perfect,389,United States,US,Sports,1
30,Movieclips,59500000,59316472754,Film & Animation,Movieclips,39113,United States,US,Film,1
31,Tips Official,59300000,33431802698,Music,Tips Official,4741,India,IN,Music,1
32,El Reino Infantil,58400000,57271630846,Music,El Reino Infantil,1510,Argentina,AR,Music,1
33,Wave Music,58000000,40602020243,Music,Wave Music,19487,India,IN,Music,1
34,Aaj Tak,57600000,25307753534,News & Politics,Aaj Tak,283775,India,IN,News,1
35,Sony Music India,57200000,28837144516,Music,Sony Music India,3882,India,IN,Music,1
36,EminemMusic,56900000,27073872856,Music,EminemMusic,156,United States,US,Music,1
37,Marshmello,56400000,14696003229,Entertainment,Marshmello,436,United States,US,Music,1
38,YRF,54600000,35302243691,Film & Animation,YRF,3707,India,IN,Music,1
39,LooLoo Kids - Nursery Rhymes and Children's Songs,54000000,32312431239,Music,LooLoo Kids - Nursery Rhymes and Children's ï¿½,11,nan,nan,nan,1
40,Ed Sheeran,53500000,30367676736,Music,Ed Sheeran,383,United Kingdom,GB,Music,1
41,Infobells - Hindi,53300000,30516172739,Education,Infobells - Hindi,577,India,IN,Education,1
42,Taylor Swift,52900000,29884657286,Music,Taylor Swift,216,United States,US,Music,1
43,Ariana Grande,52700000,24004842608,Music,Ariana Grande,147,United States,US,Music,1
44,BillionSurpriseToys  - Nursery Rhymes & Cartoons,52200000,9877365274,Education,BillionSurpriseToys  - Nursery Rhymes & Cartï¿½,847,United States,US,Education,1
45,JuegaGerman,48100000,14631710289,Gaming,JuegaGerman,2052,Chile,CL,Games,1
46,Billie Eilish,47900000,13626331061,Music,Billie Eilish,65,United States,US,Music,1
47,Get Movies,47500000,30788679536,Entertainment,Get Movies,3322,Russia,RU,Film,1
48,Shemaroo,47400000,22519705183,Entertainment,Shemaroo,11451,India,IN,Entertainment,1
49,Badabun,46800000,19398045702,Entertainment,badabun,1,nan,nan,Music,1
50,SonyMusicIndiaVEVO,46600000,27286058807,Music,SonyMusicIndiaVEVO,3444,United States,US,Music,1
51,A4,46300000,22936630813,Gaming,aefour,1,Cuba,CU,People,1
52,Bad Bunny,46100000,30686342319,Music,badbunny,1,nan,nan,Sports,1
53,Fernanfloo,46100000,10323391593,Gaming,Fernanfloo,543,El Salvador,SV,Games,1
54,Voot Kids,45500000,21388725229,Entertainment,Voot Kids,4660,India,IN,Entertainment,1
55,Felipe Neto,45200000,16602198273,Entertainment,Felipe Neto,4331,Brazil,BR,Entertainment,1
56,Vocï¿½ï¿½ï¿½,44700000,7828610828,Entertainment,Vocï¿½ï¿½ï¿½,1558,Brazil,BR,Entertainment,1
57,HAR PAL GEO,44600000,41139050371,Entertainment,HAR PAL GEO,100755,Pakistan,PK,Entertainment,1
58,BRIGHT SIDE,44500000,10708531817,Howto & Style,brightside,0,nan,nan,nan,1
59,Katy Perry,44200000,25458952022,Music,Katy Perry,128,United States,US,Music,1
60,whinderssonnunes,44200000,4274709210,Comedy,whinderssonnunes,558,Brazil,BR,Comedy,1
61,ABS-CBN Entertainment,44200000,50292540392,People & Blogs,ABS-CBN Entertainment,193890,Philippines,PH,Entertainment,1
62,Alan Walker,43700000,12884264778,Music,alanwalker,8,Thailand,TH,Film,1
63,HolaSoyGerman.,43600000,4831311245,Entertainment,holasoygerman. 2,6,nan,nan,People,1
64,Shakira,43500000,27568757295,People & Blogs,Shakira,326,Colombia,CO,Howto,1
65,ýýýýýýýý ýý ýýýýýýýýýýýýýý,43200000,36458726976,Film & Animation,ýýýýýýýý ýý ýýýýýýýýýýýýýý,1478,Russia,RU,Education,1
66,ARY Digital HD,43200000,37939780685,Entertainment,ARY Digital HD,109871,Pakistan,PK,Entertainment,1
67,Speed Records,42500000,26820902622,Music,Speed Records,10938,India,IN,Music,1
68,Masha and The Bear,42400000,24519022988,Shows,Masha and The Bear,1218,United States,US,Film,1
69,Like Nastya Show,42400000,19547696190,Entertainment,Like Nastya Show,618,United States,US,Entertainment,1
70,Rihanna,41900000,22477745835,Entertainment,Rihanna,84,Barbados,BB,Music,1
71,Ishtar Music,41400000,17608931161,Trailers,Ishtar Music,4510,India,IN,Music,1
72,Kimberly Loaiza,41300000,5603111948,People & Blogs,Kimberly Loaiza,291,Mexico,MX,People,1
73,Little Baby Bum - Nursery Rhymes & Kids Songs,40900000,39450824833,Education,Little Baby Bum - Nursery Rhymes & Kids Songs,2423,United States,US,Education,1
74,Luisito Comunica,40600000,8670473639,Comedy,Luis Arturo Villar Sudek,0,Mexico,MX,Comedy,1
75,elrubiusOMG,40400000,7410536668,Gaming,elrubiusOMG,703,nan,nan,Entertainment,1
76,Toys and Colors,40300000,47005053156,Entertainment,Toys and colors,4,nan,nan,People,1
77,shfa2 - ï¿½ï¿½,39700000,23884824160,People & Blogs,shfa2 - ï¿½ï¿½,1596,United Arab Emirates,AE,People,1
78,LUCCAS NETO - LUCCAS TOON,39400000,22302547082,People & Blogs,LUCCAS NETO- LUCCAS TOON,1,nan,nan,Games,1
79,CarryMinati,39200000,3294013141,Comedy,CarryMinati,186,India,IN,Comedy,1
80,XXXTENTACION,39200000,10507474316,Music,XXXTENTACION,133,United States,US,Music,1
81,Super Simple Songs - Kids Songs,39200000,44900897958,Education,Super Simple Songs - Kids Songs,744,Canada,CA,Education,1
82,Mikecrack,39100000,16118181673,Gaming,Mikecrack,1876,Spain,ES,Games,1
83,WorkpointOfficial,39000000,36131228583,Entertainment,WorkpointOfficial,72580,Thailand,TH,Entertainment,1
84,GR6 EXPLODE,38900000,25154232306,Music,GR6 EXPLODE,3043,Brazil,BR,Music,1
85,TEDx Talks,38600000,7339333120,Nonprofits & Activism,TEDx Talks,200933,United States,US,Nonprofit,1
86,shfa,38400000,21528116909,People & Blogs,ýýýýýýýýýý ýýýýýý,982,Saudi Arabia,SA,Games,1
87,Goldmines Gaane Sune Ansune,38300000,16718192386,Music,Goldmines Gaane Sune Ansune,3532,India,IN,Music,1
88,One Direction,38200000,13598903820,Music,21 Savage,11,United States,US,Music,1
89,TheEllenShow,38200000,22756581750,Entertainment,TheEllenShow,15672,United States,US,Entertainment,1
90,Sony PAL,38200000,28519339489,Shows,Sony PAL,24089,India,IN,Entertainment,1
91,Daddy Yankee,38000000,22731415608,Music,Daddy Yankee,505,United States,US,Music,1
92,Vlad vï¿½ï¿½ï,37900000,23510152352,nan,Vlad vï¿½ï¿½ï,515,United States,US,Entertainment,1
93,Like Nastya ESP,37600000,18208196857,Entertainment,Like Nastya ESP,743,United States,US,Entertainment,1
94,ýýýýýýýýýýýý one31,37500000,27262462114,Entertainment,ýýýýýýýýýýýý one31,117152,Thailand,TH,Entertainment,1
95,Jkk Entertainment,37200000,16402066717,Comedy,Jkk Entertainment,220,India,IN,Comedy,1
96,ABP NEWS,37000000,13102611515,People & Blogs,ABP NEWS,301308,India,IN,News,1
97,Maria Clara & JP,37000000,24188861917,People & Blogs,Maria Clara & JP,744,Brazil,BR,Entertainment,1
98,Bruno Mars,36700000,19378155425,Music,Bruno Mars,99,United States,US,Music,1
99,Maroon 5,36600000,22553923546,Music,Maroon 5,171,United States,US,Music,1
100,Ultra Bollywood,36600000,15653786446,Trailers,Ultra Bollywood,9168,India,IN,Entertainment,1
101,PowerKids TV,36500000,18961241905,Film & Animation,PowerKids TV,5621,nan,nan,Film,1
102,YouTube,36300000,3010784935,News & Politics,YouTube,744,United States,US,Entertainment,1
103,News,36300000,0,nan,News,0,nan,nan,nan,1
104,Ozuna,36200000,23355801606,Music,Ozuna,196,nan,nan,Music,1
105,MrBeast Gaming,36100000,6331332547,Gaming,MrBeastGaming,5,nan,nan,Comedy,1
106,La Granja de Zenï¿½,35700000,27118354077,Music,La Granja de Zenï¿½,654,Argentina,AR,Music,1
107,Saregama Music,35500000,15657673422,Entertainment,Saregama Music,7566,India,IN,Music,1
108,IndiaTV,35500000,16105023749,News & Politics,IndiaTV,273255,India,IN,News,1
109,T-Series Bollywood Classics,35400000,22637783517,Music,T-Series Bollywood Classics,2010,India,IN,Music,1
110,Total Gaming,35400000,5556364230,Gaming,totalgaming,1,nan,nan,Autos,1
111,Markiplier,35200000,20297931219,Gaming,Markiplier,5490,United States,US,Games,1
112,Ryan's World,35200000,55299840198,Entertainment,Ryan's World,2453,United States,US,Entertainment,1
113,Genevieve's Playhouse - Learning Videos for Kids,34900000,25607397308,Education,Genevieve's Playhouse - Learning Videos for ï¿½,617,United States,US,Film,1
114,T-Series Apna Punjab,34600000,21306315429,Music,T- Series Apna Punjab,0,nan,nan,News,1
115,Techno Gamerz,34400000,9690499664,Gaming,TechnoGamerz,1,nan,nan,Games,1
116,Geet MP3,34300000,12746535822,Music,Geet MP3,679,India,IN,Music,1
117,J Balvin,34100000,23005313609,Music,J Balvin,141,Colombia,CO,Music,1
118,Jess No Limit,34000000,3963007415,Entertainment,Jess No Limit,2284,Indonesia,ID,Entertainment,1
119,Jingle Toons,34000000,11351015824,Film & Animation,Jingle Toons,240,India,IN,Film,1
120,VEGETTA777,33800000,15432929204,Gaming,VEGETTA777,7606,Spain,ES,Games,1
121,Galinha Pintadinha,33800000,27274550757,Film & Animation,Galinha Pintadinha,66,Brazil,BR,Film,1
122,SSSniperWolf,33700000,23492684419,Gaming,SSSniperWolf,3366,United States,US,Entertainment,1
123,Desi Music Factory,33700000,10189027455,Music,Desi music factory,2,nan,nan,Music,1
124,Selena Gomez,33600000,13013567335,Film & Animation,Selena Gomez,188,United States,US,Music,1
125,Rajshri,33500000,14864294792,Music,Rajshri,3741,India,IN,Entertainment,1
126,Ch3Thailand,33500000,29611914495,Entertainment,Ch3Thailand,96214,Thailand,TH,Entertainment,1
127,KHANDESHI MOVIES,33500000,11405809704,Comedy,KHANDESHI MOVIES,217,India,IN,Comedy,1
128,NoCopyrightSounds,33400000,10530729078,Music,NoCopyrightSounds,1331,United Kingdom,GB,Music,1
129,CVS 3D Rhymes & Kids Songs,33400000,20269857567,Education,CVS 3D Rhymes & Kids Songs,338,India,IN,Education,1
130,Ricis Official,33300000,5994136760,People & Blogs,Ricis Official,2736,Indonesia,ID,Entertainment,1
131,BabyBus - Kids Songs and Cartoons,32800000,26355088167,Education,BabyBus - Kids Songs and Cartoons,2122,United States,US,Education,1
132,Eros Now Music,32700000,17853798780,Entertainment,Mzaalo,1521,India,IN,Entertainment,1
133,BETER Bï¿½ï¿½,32700000,19180039918,nan,BETER Bï¿½ï¿½,2738,Turkey,TR,Games,1
134,DisneyMusicVEVO,32700000,28516250629,Music,DisneyMusicVEVO,2068,United States,US,Music,1
135,The Weeknd,32600000,23379969006,Music,The Weeknd,169,Canada,CA,Music,1
136,WowKidz,32200000,16613441479,Film & Animation,wowkidz,2,nan,nan,Entertainment,1
137,KAROL G,32100000,18699145555,Music,KAROL G,134,Colombia,CO,Music,1
138,Mr Bean,32100000,10602236110,Shows,Mr Bean,3091,United Kingdom,GB,Comedy,1
139,rezendeevil,32100000,13061739758,Gaming,rezendeevil,11882,Brazil,BR,Entertainment,1
140,StarPlus,32000000,26800674545,Entertainment,StarPlus,44892,India,IN,Entertainment,1
141,SMTOWN,31900000,27330239663,Music,SMTOWN,4158,nan,nan,Music,1
142,GMA  Network,31900000,19428308461,Entertainment,GMA  Network,93311,Philippines,PH,Entertainment,1
143,GENIAL,31800000,6762424690,Howto & Style,GENIAL,6734,Mexico,MX,Howto,1
144,MR. INDIAN HACKER,31700000,5711208484,Science & Technology,MR. INDIAN HACKER,929,India,IN,Tech,1
145,Worldwide Records Bhojpuri,31700000,16476978876,Music,Worldwide Records Bhojpuri,6518,India,IN,Music,1
146,DONA ï¿½ï¿½,31700000,21031745531,Entertainment,DONA ï¿½ï¿½,166,United States,US,Entertainment,1
147,Dream,31700000,2930015381,Gaming,Dream,116,United States,US,Games,1
148,Lucas and Marcus,31600000,11615848291,Entertainment,Lucas and Marcus,1321,United States,US,Entertainment,1
149,JustinBieberVEVO,31600000,26583873105,Music,JustinBieberVEVO,204,United States,US,Music,1
150,Luis Fonsi,31400000,15176762479,Entertainment,luisfonsi,0,nan,nan,nan,1
151,Peppa Pig - Official Channel,31400000,22919271731,Film & Animation,Peppa Pig - Official Channel,3589,United Kingdom,GB,Education,1
152,YOLO AVENTURAS,31200000,9673649438,People & Blogs,YOLO AVENTURAS,65,Venezuela,VE,Comedy,1
153,The Tonight Show Starring Jimmy Fallon,31200000,17111726160,Comedy,The Tonight Show Starring Jimmy Fallon,8976,United States,US,Comedy,1
154,TheDonato,31200000,6187804950,Entertainment,TheDonato,3027,Argentina,AR,Games,1
155,ImagineDragons,30700000,16793072362,Music,ImagineDragons,92,United States,US,Music,1
156,Diana and Roma ESP,30700000,12355992466,nan,Diana and Roma ESP,578,United States,US,Entertainment,1
157,Round2hell,30700000,3145161634,Comedy,Round2hell,67,India,IN,Entertainment,1
158,Zee News,30500000,16709857823,News & Politics,Zee News,180092,India,IN,News,1
159,AboFlah,30500000,4521573939,Gaming,AboFlah,641,Kuwait,KW,Entertainment,1
160,AH,30400000,4332274962,Entertainment,AH,2197,Indonesia,ID,Entertainment,1
161,Trap Nation,30400000,14037426379,Music,Trap Nation,2725,United States,US,Music,1
162,ýýýýýýýýýýýýýýý ýýýýýý ýýýýýýýýýýýýýýýýýý,30400000,17999961915,nan,ýýýýýýýýýýýýýýý ýýýýýý ýýýýýýýýýýýýýýýýýý,532,United States,US,Entertainment,1
163,Boram Tube Vlog [ï¿½ï¿½ï¿½ï¿½ï¿½ï¿½ï¿½ï¿½ï¿,30300000,13546549817,Entertainment,Boram Tube Vlog [ï¿½ï¿½ï¿½ï¿½ï¿½ï¿½ï¿½ï¿½ï¿,223,United States,US,Entertainment,1
164,Adele,30200000,14199108016,Music,Adele,15,United Kingdom,GB,Music,1
165,Talking Tom,30200000,15199330166,Comedy,TalkingTom,2,United States,US,Entertainment,1
166,ýýýýýýýý ýýýýýýýý ýýýýýýýýýý | toyoraljanahtv,30200000,27684955537,Entertainment,ýýýýýýýý ýýýýýýýý ýýýýýýýýýý | toyoraljanahtv,3254,Jordan,JO,Music,1
167,Frost Diamond,30100000,7277493940,Gaming,frostdiamond,0,nan,nan,nan,1
168,Spinnin' Records,30100000,19607009165,Music,Spinnin' Records,11501,Netherlands,NL,Music,1
169,Little Angel: Nursery Rhymes & Kids Songs,30100000,22593193994,Education,Little Angel: Nursery Rhymes & Kids Songs,1349,United States,US,Education,1
170,jacksepticeye,30100000,16246625836,Gaming,jacksepticeye,5114,nan,nan,Games,1
171,Shawn Mendes,30000000,12831200855,Music,Shawn Mendes,133,Canada,CA,Music,1
172,ashish chanchlani vines,29800000,4457913639,Comedy,ashish chanchlani vines,151,India,IN,Comedy,1
173,Ultra Records,29600000,17208027242,Music,Ultra Records,4903,United States,US,Music,1
174,Popular on YouTube,29300000,0,nan,Popular on Youtube,3,nan,nan,Education,1
175,Maluma,29300000,21226945136,Music,MaLuMa,14,Argentina,AR,People,1
176,Zhong,29200000,14727238483,Entertainment,Zhong,1513,United States,US,Entertainment,1
177,Enaldinho,29200000,11627437847,Comedy,Enaldinho,3654,Brazil,BR,Games,1
178,AuronPlay,29200000,4079141673,Comedy,AuronPlay,404,Spain,ES,Comedy,1
179,Shorts Break,29000000,19466238065,Comedy,shorts break,42,nan,nan,nan,1
180,infobells - Tamil,28900000,17930570614,Education,infobells - Tamil,555,India,IN,Education,1
181,Aditya Music India,28500000,25857994495,Music,Aditya Music,0,nan,nan,Music,1
182,The Late Late Show with James Corden,28400000,9956764048,Entertainment,The Late Late Show with James Corden,5809,United States,US,Entertainment,1
183,Aditya Movies,28400000,10062770060,Movies,Aditya Movies,5436,India,IN,Film,1
184,Masha y el Oso,28300000,13577142726,Film & Animation,Masha y El oso,6,nan,nan,nan,1
185,infobells - Telugu,28300000,14814192034,Education,infobells - Telugu,505,India,IN,Education,1
186,HUM TV,28300000,23844936965,Entertainment,HUM TV,106983,Pakistan,PK,Entertainment,1
187,Shemaroo Movies,28200000,7600740993,Entertainment,Shemaroo Movies,3009,India,IN,Film,1
188,Michael Jackson,28200000,14412474625,Music,Michael Jackson,15,United States,US,Music,1
189,Drake,28100000,15318895118,Music,drake,3,nan,nan,Film,1
190,Goldmines Dishoom,28000000,8603468420,Film & Animation,Goldmines Dishoom,3878,nan,nan,Film,1
191,Sandeep Maheshwari,27800000,2303069221,People & Blogs,Sandeepmaheshwari,0,Singapore,SG,nan,1
192,Bounce Patrol - Kids Songs,27800000,21037851468,Music,Bounce Patrol - Kids Songs,292,Australia,AU,Music,1
193,toycantando,27700000,15777682516,Music,toycantando,619,Colombia,CO,Music,1
194,MrBeast 2,27500000,4552581106,People & Blogs,Leaux Pass,27,United States,US,Music,1
195,Wiz Khalifa,27500000,13379395501,Music,Wiz Khalifa,682,United States,US,Music,1
196,JYP Entertainment,27400000,19883150017,Music,JYP Entertainment,1753,South Korea,KR,Music,1
197,ýýý Kids Roma Show,27400000,10336420490,People & Blogs,ýýý Kids Roma Show,642,United States,US,Entertainment,1
198,DanTDM,27400000,19417887510,Gaming,DanTDM,3664,United Kingdom,GB,Games,1
199,Nick Jr.,27300000,22440611155,Film & Animation,Nick Jr.,5438,United States,US,Entertainment,1
200,Crazy XYZ,27300000,7705492350,Entertainment,Crazy XYZ,1259,India,IN,Tech,1
201,ToyPuddingTV,27100000,15916882228,Entertainment,ToyPudding TV[ï¿½ï¿½ï¿½ï¿½ï,2,nan,nan,People,0
202,Dushyant kukreja,27100000,17318452893,Entertainment,Dushyant kukreja,889,India,IN,Entertainment,0
203,Gulshan Kalra,27100000,12732444881,Howto & Style,Gulshan Kalra,545,nan,nan,Howto,0
204,Brent Rivera,27000000,6570935979,Comedy,Brent Rivera,554,United States,US,Entertainment,0
205,Renato Garcia YT,26900000,7938616641,Entertainment,Renato Garcia YT,3956,Brazil,BR,Entertainment,0
206,Beast Reacts,26700000,4388047013,People & Blogs,Beast Reacts,241,United States,US,Entertainment,0
207,enchufetv,26700000,10317306313,Comedy,enchufetv,975,Colombia,CO,Comedy,0
208,Netflix,26700000,7173668905,Entertainment,Netflix,6471,United States,US,Entertainment,0
209,Raffy Tulfo in Action,26500000,15065753455,News & Politics,Raffy Tulfo in Action,10022,Philippines,PH,News,0
210,WORLDSTARHIPHOP,26500000,20358117330,Music,WORLDSTARHIPHOP,6873,United States,US,Music,0
211,Goldmines Bollywood,26400000,8595760553,Film & Animation,Goldmines Bollywood,3622,India,IN,Film,0
212,Alan Chikin Chow,26400000,27006526665,Comedy,Alan Chikin Chow,865,United States,US,Comedy,0
213,PANDA BOI,26400000,17211600007,Entertainment,PANDA BOI,967,Italy,IT,Entertainment,0
214,BB Ki Vines,26300000,4749833967,Entertainment,BB Ki Vines,190,India,IN,Entertainment,0
215,D Billions,26200000,31977463002,nan,D Billions,775,United States,US,Entertainment,0
216,Junya.ï¿½ï¿½ï¿½ï¿½,26200000,16097531087,Entertainment,Junya.ï¿½ï¿½ï¿½ï¿½,5985,Japan,JP,Entertainment,0
217,Smosh,26100000,10435474336,Comedy,Smosh,1619,United States,US,Comedy,0
218,1MILLION Dance Studio,26100000,7886440199,Entertainment,1MILLION Dance Studio,0,Saudi Arabia,SA,Music,0
219,NichLmao,26000000,14101010609,People & Blogs,NichLmao,868,nan,nan,People,0
220,Beyoncï¿,26000000,17308961985,Music,Beyoncï¿,240,United States,US,Music,0
221,Marï¿½ï¿½ï¿½ï¿½ï¿½,26000000,18597534412,Music,mariliamendonca,1,nan,nan,Music,0
222,Indosiar,25900000,11372071889,Music,Indosiar,65286,Indonesia,ID,Entertainment,0
223,VanossGaming,25800000,15541421838,Gaming,VanossGaming,1762,Canada,CA,Games,0
224,David Guetta,25700000,17793809548,Music,David Guetta,749,United States,US,Music,0
225,LosPolinesios,25700000,7466926260,People & Blogs,LosPolinesios,982,Mexico,MX,People,0
226,Nicki Minaj,25700000,10242981063,Music,Nicki Minaj,42,United States,US,Music,0
227,Fede Vigevani,25600000,7962725960,Howto & Style,Fede Vigevani,0,nan,nan,nan,0
228,TaylorSwiftVEVO,25600000,25592378292,Music,TaylorSwiftVEVO,287,United States,US,Music,0
229,ZHC,25500000,2726917087,Film & Animation,zhc,5,nan,nan,Entertainment,0
230,Post Malone,25500000,14401218086,Music,Post Malone,78,United States,US,Music,0
231,Rans Entertainment,25400000,6430853035,People & Blogs,Rans Entertainment,3716,Indonesia,ID,Entertainment,0
232,LankyBox,25400000,34300482066,Comedy,LankyBox,8775,United States,US,Games,0
233,Coldplay,25300000,17331663193,Music,Coldplay,398,United Kingdom,GB,Music,0
234,Las Ratitas,25200000,9602246828,People & Blogs,LAS RATITAS,4,nan,nan,People,0
235,WB Kids,25200000,11081602368,People & Blogs,WB Kids,2025,United States,US,Film,0
236,ABPLIVE,25200000,7968363381,People & Blogs,ABPLIVE,12,nan,nan,People,0
237,Chris Brown,25200000,15520569496,Music,ChrisBrown,0,nan,nan,nan,0
238,The Lallantop,25200000,10409352249,News & Politics,The Lallantop,51129,India,IN,News,0
239,RihannaVEVO,25100000,19458807708,Music,RihannaVEVO,118,United States,US,Music,0
240,WatchMojo.com,25100000,16357064198,Music,WatchMojo.com,24837,Canada,CA,Entertainment,0
241,TRANS7 OFFICIAL,25000000,14169516119,Entertainment,TRANS7 OFFICIAL,89179,Indonesia,ID,Entertainment,0
242,Anuel AA,25000000,14827085149,Music,Anuel AA,147,Colombia,CO,Music,0
243,Dan Rhodes,24800000,17387583720,Entertainment,Dan Rhodes,1644,United Kingdom,GB,Entertainment,0
244,Yuya,24800000,2588501115,Howto & Style,Yuya,672,Mexico,MX,Howto,0
245,America's Got Talent,24800000,3699352704,Entertainment,America's Got Talent,1894,United States,US,Entertainment,0
246,mujjuu___14,24800000,14655527943,People & Blogs,mujjuu___14,872,nan,nan,People,0
247,EminemVEVO,24700000,20531704527,Music,EminemVEVO,104,United States,US,Music,0
248,Chloe Ting,24700000,2994726412,Howto & Style,Chloe Ting,412,Australia,AU,Howto,0
249,KatyPerryVEVO,24600000,23755792542,Music,KatyPerryVEVO,175,United States,US,Music,0
250,Mark Rober,24600000,3647987299,Science & Technology,Mark Rober,120,United States,US,Tech,0
251,1theK (ï¿½ï¿½ï¿½ï¿½ï,24500000,23962070944,Music,1theK (ï¿½ï¿½ï¿½ï¿½ï,18950,South Korea,KR,Entertainment,0
252,Like Nastya AE,24400000,12385924995,Entertainment,Like Nastya AE,658,United States,US,Entertainment,0
253,Amit Bhadana,24300000,2380248899,Entertainment,Amit Bhadana,17,nan,nan,People,0
254,Pen Movies,24300000,6608773195,Film & Animation,Pen Movies,1667,India,IN,Film,0
255,MrBeast en Espaï¿½ï,24200000,2700914170,Entertainment,MrBeast en Espaï¿½ï,67,Mexico,MX,Entertainment,0
256,shfa show India,24200000,15724160183,nan,shfa show India,469,United Arab Emirates,AE,People,0
257,Super JoJo - Nursery Rhymes & Kids Songs,24100000,329774870,nan,Super JoJo - Nursery Rhymes & Kids Songs,36,United States,US,Education,0
258,Alejo Igoa,24100000,10999000479,Comedy,Alejo Igoa,802,Argentina,AR,Entertainment,0
259,Daniel LaBelle,24100000,12916159065,Comedy,Daniel LaBelle,287,nan,nan,Comedy,0
260,netd mï¿½ï¿,24100000,56106087508,Music,netd mï¿½ï¿,23491,Turkey,TR,Music,0
261,DJ Snake,24100000,8425505919,Music,DJ Snake,252,United States,US,Music,0
262,Diana and Roma ARA,24100000,11041261296,nan,Diana and Roma ARA,590,United States,US,Entertainment,0
263,KSI,24100000,6002166932,Entertainment,KSI,1252,United Kingdom,GB,Music,0
264,Spider Slack,24000000,13943030228,Comedy,Spider Slack,901,Brazil,BR,Comedy,0
265,Goldmines Movies,24000000,5652938599,Film & Animation,Ti Ti,3,nan,nan,People,0
266,Preston,24000000,8279004442,Gaming,Preston,4009,United States,US,Entertainment,0
267,James Charles,23900000,4067878931,Entertainment,James Charles,505,United States,US,Entertainment,0
268,Collins Key,23900000,6582932625,Entertainment,Collins Key,257,United States,US,Entertainment,0
269,Diana and Roma EN,23900000,7213499085,People & Blogs,Diana and Roma EN,511,United States,US,Entertainment,0
270,Venus Entertainment,23800000,5663125358,Entertainment,Venus Entertainment,70,nan,nan,Entertainment,0
271,Troom Troom,23800000,10414479943,Howto & Style,Troom Troom,2425,United States,US,Howto,0
272,Enrique Iglesias,23800000,17688774915,Music,Enrique Iglesias,443,United States,US,Music,0
273,Ninja,23700000,2543809954,Gaming,Ninja,1732,United States,US,Games,0
274,FaZe Rug,23700000,7451792132,Gaming,FaZeRug,0,Canada,CA,Games,0
275,Mister Max,23700000,15510153803,People & Blogs,Mister Max,1099,United Kingdom,GB,Entertainment,0
276,That Little Puff,23700000,20289689389,Pets & Animals,That Little Puff,769,United States,US,Animals,0
277,NickyJamTV,23600000,15901824841,Music,NickyJamTV,392,nan,nan,Music,0
278,Juan De Dios Pantoja,23600000,2135644776,Entertainment,Juan De Dios Pantoja,226,Mexico,MX,People,0
279,Logan Paul,23600000,5994002464,Entertainment,Logan Paul,719,United States,US,Entertainment,0
280,Maya and Mary,23600000,6766461070,Entertainment,Maya and Mary,552,United States,US,Entertainment,0
281,Peppa Pig Espaï¿½ï¿½ï¿½ï¿½ï¿½ï¿½ï¿½ï¿½ï¿½,23600000,7920637200,Film & Animation,Peppa Pig Espaï¿½ï¿½ï¿½ï¿½ï¿½ï¿½ï¿½ï¿½ï¿½,1251,United Kingdom,GB,Film,0
282,Jelly,23500000,14777034543,Gaming,Jelly,6066,United Kingdom,GB,Games,0
283,Miss Katy,23500000,14696994366,People & Blogs,Miss Katy,1044,United Kingdom,GB,Entertainment,0
284,Tilak,23400000,9465863821,Film & Animation,Tilak,6672,India,IN,Film,0
285,Valentina Pontes ofc,23400000,7926899136,Film & Animation,Valentina Pontes ofc,1291,Brazil,BR,Entertainment,0
286,Sesame Street,23300000,22471357411,Entertainment,Sesame Street,3657,United States,US,Entertainment,0
287,Happy Lives,23200000,2634,Science & Technology,Happy Lives,1,United States,US,Entertainment,0
288,Lady Gaga,23200000,15751661213,People & Blogs,Lady Gaga,172,United States,US,Music,0
289,Akshay Nagwadiya,23200000,7966720147,Entertainment,Akshay Nagwadiya,595,nan,nan,Entertainment,0
290,Wave Music Bhojpuri,23100000,12889240875,Music,Wave Music Bhojpuri,22578,India,IN,Music,0
291,GMM GRAMMY OFFICIAL,23100000,25579831081,Music,GMM GRAMMY OFFICIAL,15462,Thailand,TH,Music,0
292,TED,23100000,2551113422,People & Blogs,TED,4445,United States,US,Tech,0
293,unknown boy varun,23100000,9299371231,Music,unknown boy varun,456,India,IN,Music,0
294,Kids TV - Nursery Rhymes And Baby Songs,23100000,13151870846,Shows,Kids TV - Nursery Rhymes And Baby Songs,3781,United States,US,Music,0
295,Tsuriki Show,23000000,31494513067,Entertainment,Tsuriki Show,2905,Germany,DE,Comedy,0
296,Technical Guruji,23000000,3378047383,Science & Technology,Technical Guruji,5041,India,IN,Tech,0
297,DrossRotzank,23000000,6041264489,Entertainment,DrossRotzank,1598,Argentina,AR,Entertainment,0
298,White Hill Music,23000000,10939966484,Entertainment,White Hill Music,5718,India,IN,Music,0
299,Ultra Movie Parlour,22900000,5320485069,Movies,Ultra Movie Parlour,1670,India,IN,Film,0
300,Alan Becker,22900000,5380073627,Film & Animation,Alan Becker,0,United States,US,Games,0
301,toyorbabytv,22900000,16298342829,Music,toyorbabytv,1159,Jordan,JO,Music,0
302,BabyBus - Canciones Infantiles & Videos para Niï¿½ï,22900000,13206471140,Education,BabyBus - Canciones Infantiles & Videos paraï¿½,1251,Mexico,MX,Education,0
303,KL BRO Biju Rithvik,22800000,17988347989,Entertainment,KL BRO Biju Rithvik,1841,nan,nan,Entertainment,0
304,Vania Mania Kids,22700000,10115316784,People & Blogs,Vania Mania Kids,985,United States,US,Education,0
305,Like Nastya PRT,22700000,11568118121,Entertainment,Like Nastya PRT,654,nan,nan,Entertainment,0
306,Sun TV,22600000,20847038152,People & Blogs,Sun TV,60964,India,IN,Entertainment,0
307,Heroindori,22600000,9223534599,Comedy,Heroindori,495,India,IN,Entertainment,0
308,The Chainsmokers,22600000,14231943358,Music,The Chainsmokers,180,United States,US,Music,0
309,mmoshaya,22600000,17507060680,People & Blogs,mmoshaya,1189,Saudi Arabia,SA,Entertainment,0
310,Sia,22600000,13405849040,Music,Sia,171,United States,US,Music,0
311,LeoNata Family,22600000,27084848152,People & Blogs,LeoNata Family,2321,United States,US,People,0
312,Goldmines Cineplex,22500000,2431154438,Film & Animation,Goldmines Cineplex,3377,India,IN,Film,0
313,Vlad and Niki Arabic,22500000,10613701948,nan,Vlad and Niki Arabic,526,United States,US,Entertainment,0
314,SSundee,22500000,13835173331,Gaming,SSundee,3315,United States,US,Games,0
315,Paulo Londra,22400000,8040036209,Music,Paulo Londra,58,Argentina,AR,Music,0
316,Smile Family,22300000,8663830163,People & Blogs,SMILE Family,34,France,FR,Music,0
317,FGTeeV,22300000,24059336857,Gaming,FGTeeV,1724,United States,US,Games,0
318,Kinder Spielzeug Kanal (Kidibli),22200000,11136266461,Entertainment,Kinder Spielzeug Kanal (Kidibli),999,United States,US,Entertainment,0
319,Charlie Puth,22000000,9924807127,Music,Charlie Puth,157,United States,US,Music,0
320,Vlad and Niki ESP,22000000,8594440895,nan,Vlad and Niki ESP,515,United States,US,Entertainment,0
321,Sagawa /ï¿½ï¿½ï¿½,22000000,18347969186,Entertainment,Sagawa /ï¿½ï¿½ï¿½,6274,Japan,JP,Entertainment,0
322,Ben Azelart,21900000,4454917643,Film & Animation,Ben Azelart,301,United States,US,Entertainment,0
323,Zach Choi ASMR,21900000,5918314128,People & Blogs,Zach Choi ASMR,946,United States,US,People,0
324,Topper Guild,21900000,15552070846,Comedy,Topper Guild,816,United States,US,Comedy,0
325,Disney Latinoamï¿½ï¿½,21900000,20657571751,Entertainment,disneylatinoamerica,116,Mexico,MX,Music,0
326,Stokes Twins,21800000,4469711607,People & Blogs,Stokes Twins,257,United States,US,People,0
327,National Geographic,21800000,5614621131,Science & Technology,National Geographic,10162,United States,US,Entertainment,0
328,Dua Lipa,21800000,11288359365,Music,Dua Lipa,164,United Kingdom,GB,Music,0
329,OneDirectionVEVO,21800000,12140232004,Music,OneDirectionVEVO,266,United Kingdom,GB,Music,0
330,Rotana,21800000,19329351143,Music,rotana5018,135,nan,nan,Music,0
331,Netflix India,21800000,7780934187,People & Blogs,NETFLIX INDIA,1,nan,nan,People,0
332,Sourav Joshi Vlogs,21700000,9392093496,People & Blogs,Sourav Joshi Vlogs,1390,nan,nan,People,0
333,ZAMZAM ELECTRONICS TRADING,21700000,8507818877,nan,ZAMZAM ELECTRONICS TRADING,15126,United Arab Emirates,AE,People,0
334,DUDU e CAROL,21600000,9597894786,Autos & Vehicles,DUDU e CAROL,2942,Brazil,BR,Entertainment,0
335,Village Cooking Channel,21600000,5863377051,Howto & Style,Village Cooking Channel,219,India,IN,Howto,0
336,Eva Bravo Play,21600000,9346383505,Entertainment,Eva Bravo Play,228,United States,US,Entertainment,0
337,Tekashi 6ix9ine,21500000,5890180734,People & Blogs,Tekashi 6ix9ine,51,United States,US,Music,0
338,Tlnovelas,21500000,15013096899,News & Politics,tlnovelas,158,Mexico,MX,Entertainment,0
339,SMOL,21500000,22065582014,People & Blogs,Claudio,6,nan,nan,Music,0
340,invictor,21500000,8409641722,Gaming,INVICTOR,17,Chile,CL,People,0
341,YOLO,21400000,1573058816,Comedy,YOLO,0,Germany,DE,nan,0
342,Sidhu Moose Wala,21400000,6264261757,Music,Sidhu Moose Wala,114,India,IN,Music,0
343,The Royalty Family,21300000,6269945014,People & Blogs,The Royalty Family,733,United States,US,People,0
344,Becky G,21300000,10644857969,Music,Becky G,78,United States,US,Music,0
345,Ishaan Ali 11,21300000,12761253839,People & Blogs,Ishaan Ali 11,951,India,IN,People,0
346,Infinite,21300000,5141834668,Entertainment,Infinite,1608,United States,US,Entertainment,0
347,Azhan5star,21300000,10047736580,Entertainment,Azhan5star,669,India,IN,Entertainment,0
348,Dangal TV Channel,21300000,12895427184,Entertainment,Dangal TV Channel,20225,India,IN,Entertainment,0
349,Khan GS Research Centre,21200000,2073073070,Education,KHAN GS RESEARCH CENTRE,1,nan,nan,People,0
350,GMA Public  Affairs,21200000,11364908616,Entertainment,GMA Public  Affairs,31989,Philippines,PH,News,0
351,Tasty,21100000,5783557209,Howto & Style,Tasty,4728,United States,US,Howto,0
352,Baim Paula,21100000,4526271677,People & Blogs,Baim Paula,2325,Indonesia,ID,Entertainment,0
353,nigahiga,21000000,4380564906,Entertainment,nigahiga,403,United States,US,Entertainment,0
354,Rafa & Luiz,21000000,7762905663,Entertainment,Rafa & Luiz,2883,Brazil,BR,Entertainment,0
355,Lyrical Lemonade,21000000,10631638628,Entertainment,Lyrical Lemonade,420,United States,US,Entertainment,0
356,Vlad and Niki IDN,21000000,9789121606,nan,Vlad and Niki IDN,498,United States,US,Entertainment,0
357,Dr. Vivek Bindra: Motivational Speaker,20900000,1693149479,Education,Dr. Vivek Bindra: Motivational Speaker,896,India,IN,Education,0
358,Fatos Desconhecidos,20900000,3828000587,Entertainment,Fatos Desconhecidos,6262,Brazil,BR,Entertainment,0
359,Brave Wilderness,20900000,4927879069,Pets & Animals,Brave Wilderness,982,United States,US,Animals,0
360,LIV Crime,20900000,11058049885,People & Blogs,LIV Crime,9850,United States,US,People,0
361,Minecraft - Topic,20900000,0,nan,Minecraft - Topic,0,nan,nan,Games,0
362,Romeo Santos,20900000,17324976752,Music,RomeoSantos,6,United States,US,Music,0
363,Canal Canalha,20800000,1870608170,Comedy,Canal Canalha,288,Brazil,BR,Comedy,0
364,Kurzgesagt ï¿½ï¿½ï¿½ï¿½ï¿½ï¿,20800000,2378448129,Education,Kurzgesagt ï¿½ï¿½ï¿½ï¿½ï¿½ï¿,193,Germany,DE,Education,0
365,Yoeslan,20700000,17963202261,Entertainment,Yoeslan,619,United States,US,Entertainment,0
366,5-Minute Crafts DIY,20700000,5091618606,Howto & Style,5-Minute Crafts DIY,5062,United States,US,Howto,0
367,Zach King,20700000,5410164682,Entertainment,Zach King,6,nan,nan,Entertainment,0
368,tuzelity SHUFFLE,20700000,8658941531,People & Blogs,tuzelity SHUFFLE,889,Russia,RU,People,0
369,NBA,20700000,12624879732,Sports,NBA,47926,United States,US,Sports,0
370,Deddy Corbuzier,20600000,4956090094,Entertainment,deddycorbuzier,15,Indonesia,ID,Entertainment,0
371,Bizarrap,20600000,7657171980,Comedy,Bizarrap,83,Argentina,AR,Entertainment,0
372,Avicii,20600000,10292874715,Music,Avicii,156,Sweden,SE,Music,0
373,Mnet K-POP,20500000,15038593883,Entertainment,Mnet K-POP,33229,South Korea,KR,Entertainment,0
374,LazarBeam,20500000,8768697257,Gaming,LazarBeam,1323,Australia,AU,Games,0
375,Ninja Kidz TV,20500000,11009148579,Entertainment,Ninja Kidz TV,296,United States,US,Entertainment,0
376,Totoy kids - Portuguï¿½,20400000,1796227417,Film & Animation,Totoy kids - Portuguï¿½,206,Brazil,BR,Film,0
377,Jake Paul,20400000,7311322368,People & Blogs,Jake Paul,1006,United States,US,People,0
378,Linkin Park,20400000,13397000296,Music,linkinpark,0,Afghanistan,AF,Games,0
379,Vijay Television,20400000,29406206620,Entertainment,Vijay Television,51515,India,IN,Entertainment,0
380,SlivkiShow,20400000,4707412332,Entertainment,SlivkiShow,462,Ukraine,UA,Entertainment,0
381,Emiway Bantai,20400000,3579555124,Music,Emiway Bantai,239,India,IN,Music,0
382,Got Talent Global,20300000,2441288701,Entertainment,Got Talent Global,1245,United Kingdom,GB,Entertainment,0
383,ýýýýýýýýýýýýýýý - Genevieve's Playhouse,20300000,11022391339,Education,ýýýýýýýýýýýýýýý - Genevieve's Playhouse,107,nan,nan,Education,0
384,BabyBus - Cerita & Lagu Anak-anak,20300000,11819051552,Education,BabyBus - Cerita & Lagu Anak-anak,875,Indonesia,ID,Education,0
385,Ami Rodriguez,20200000,2951914200,Entertainment,Ami Rodriguez,460,Colombia,CO,Entertainment,0
386,Noor Stars,20200000,2764127969,Comedy,Noor Stars,693,United Arab Emirates,AE,Entertainment,0
387,Family GamesTV,20200000,7066711323,Entertainment,FamilyGamesTV,0,nan,nan,Games,0
388,Kiddiestv Hindi - Nursery Rhymes & Kids Songs,20200000,7274150246,Education,Kiddiestv Hindi - Nursery Rhymes & Kids Songs,226,India,IN,Education,0
389,dednahype,20200000,20919403720,Comedy,dednahype,1935,Latvia,LV,Comedy,0
390,Marta and Rustam,20200000,19694265358,Comedy,Marta and Rustam,761,United States,US,Comedy,0
391,MiawAug,20200000,6098644584,Gaming,MiawAug,3713,Indonesia,ID,Games,0
392,CookieSwirlC,20100000,23353115850,Entertainment,CookieSwirlC,3774,United States,US,Games,0
393,Skrillex,20100000,6618524158,Music,Skrillex,241,United States,US,Music,0
394,AuthenticGames,20100000,8920141342,Gaming,AuthenticGames,4974,Brazil,BR,Games,0
395,Robin Hood Gamer,20100000,10366850490,Entertainment,Homem Aranha player,0,nan,nan,Games,0
396,Pencilmation,20100000,11317309935,Film & Animation,Pencilmation,1481,United States,US,Entertainment,0
397,7clouds,20100000,14816075927,Music,7clouds,2384,United States,US,Music,0
398,5-Minute Crafts PLAY,20100000,6119294270,Howto & Style,5-Minute Crafts PLAY,5491,United States,US,Howto,0
399,Marvel Entertainment,20100000,5634695322,Entertainment,MarvelEntertainment,1,United States,US,Film,0
400,BuzzFeedVideo,20100000,17913237851,People & Blogs,BuzzFeedVideo,7737,United States,US,People,0
401,REACT,20000000,13154314376,Entertainment,REACT,4339,United States,US,Entertainment,0
402,Vevo,20000000,559765455,Music,Vevo,1527,United States,US,Music,0
403,Gordon Ramsay,20000000,3875172235,Entertainment,Gordon Ramsay,1527,United Kingdom,GB,Entertainment,0
404,Pentatonix,20000000,6033295543,Music,pentatonix,1,Canada,CA,Entertainment,0
405,Green Gold TV - Official Channel,20000000,9715291883,Film & Animation,Green Gold TV - Official Channel,1476,India,IN,Entertainment,0
406,Gusttavo Lima Oficial,19900000,13917423958,Music,Gusttavo Lima Oficial,416,Brazil,BR,Music,0
407,HaerteTest,19800000,3234880084,Science & Technology,HaerteTest,1411,Germany,DE,Tech,0
408,Crafty Panda,19800000,5759442450,People & Blogs,Crafty Panda,760,United States,US,Entertainment,0
409,SOMOY TV,19800000,12293479945,News & Politics,TIME NEWS,9930,United States,US,News,0
410,JennaMarbles,19700000,1803249241,Comedy,JennaMarbles,250,United States,US,Comedy,0
411,Troom Troom Es,19700000,7452667615,People & Blogs,Troom Troom Es,2912,nan,nan,Howto,0
412,Official Pink Panther,19700000,10955619815,Film & Animation,OfficialPinkPanther,1,United States,US,Games,0
413,Britain's Got Talent,19700000,11323617496,Entertainment,Britain's Got Talent,4225,United Kingdom,GB,Entertainment,0
414,SCTV,19700000,9808676159,Entertainment,SCTV,267,United Kingdom,GB,Music,0
415,AS Gaming,19600000,2851024430,Gaming,ASGaming,17,United States,US,Games,0
416,Sony AATH,19600000,13930021471,Shows,Sony AATH,18661,United States,US,Entertainment,0
417,tabii Urdu,19600000,8779729549,Entertainment,tabii Urdu,1306,Turkey,TR,Entertainment,0
418,DaFuq!?Boom!,19600000,7906181776,Film & Animation,DaFuq!?Boom!,214,United States,US,Entertainment,0
419,Clash of Clans,19600000,3961318438,Gaming,Clash of Clans,674,United States,US,Games,0
420,RKD Studios,19500000,5234251168,Entertainment,RKD Studios,847,India,IN,Entertainment,0
421,DLS News,19400000,2255542592,News & Politics,DLS News,4750,India,IN,News,0
422,JukiLop,19400000,1577859332,People & Blogs,JukiLop,85,Mexico,MX,People,0
423,etvteluguindia,19400000,23038014291,Entertainment,etvteluguindia,125974,India,IN,Entertainment,0
424,FIFA,19400000,5529131886,Sports,FIFA,10728,Switzerland,CH,Sports,0
425,Manoj  parihar,19300000,264228052,nan,Manoj  parihar,335,India,IN,Howto,0
426,Vsauce,19300000,2897907132,Science & Technology,Vsauce,462,nan,nan,Entertainment,0
427,Unbox Therapy,19300000,4508184467,Science & Technology,Unbox Therapy,2175,nan,nan,Tech,0
428,shane,19200000,4329121104,People & Blogs,shane,570,United States,US,Comedy,0
429,Sonotek,19200000,7590582024,Entertainment,Sonotek,8285,India,IN,Music,0
430,Jimmy Kimmel Live,19100000,13124645973,Entertainment,Jimmy Kimmel Live,6526,United States,US,Comedy,0
431,TheOdd1sOut,19100000,4566120190,Comedy,TheOdd1sOut,139,United States,US,Comedy,0
432,Goldmines Great Indian Comedy,19100000,5194942269,Film & Animation,Goldmines Great Indian Comedy,2948,nan,nan,Film,0
433,Lil Nas X,19100000,6339584661,Music,Lil Nas X,37,nan,nan,Music,0
434,ýýýýýýýýýýýýýý ýýýý,19000000,4924054368,Education,ýýýýýýýýýýýýýý ýýýý,60,United States,US,Entertainment,0
435,SUPER SLICK SLIME SAM,19000000,7229175322,Howto & Style,SUPER SLICK SLIME SAM,903,Mexico,MX,Howto,0
436,Wow Kidz Action,19000000,8281724393,Film & Animation,Wow Kidz Action,1525,India,IN,Entertainment,0
437,Turma da Mï¿½ï¿½,19000000,13824277846,Film & Animation,Turma da Mï¿½ï¿½,1154,Brazil,BR,Film,0
438,Calvin Harris,19000000,16014044618,Music,Calvin Harris,79,United Kingdom,GB,Music,0
439,KBS WORLD TV,19000000,15126092508,Entertainment,KBS WORLD TV,64496,South Korea,KR,Entertainment,0
440,HiMan,18900000,2855519150,People & Blogs,HiMan,375,Russia,RU,Entertainment,0
441,Masha e o Urso,18900000,8301731337,Shows,Masha e o Urso,0,nan,nan,nan,0
442,Little Angel Espaï¿½ï¿½ï¿½ï¿½ï¿½ï¿½ï¿½ï¿½ï¿½,18900000,9813245108,Education,Little Angel Espaï¿½ï¿½ï¿½ï¿½ï¿½ï¿½ï¿½ï¿½ï¿½,719,Mexico,MX,Education,0
443,TED-Ed,18800000,3654621568,Education,TED-Ed,2072,United States,US,Education,0
444,Sidemen,18800000,5257834105,Entertainment,Sidemen,312,United Kingdom,GB,Entertainment,0
445,Cardi B,18800000,7634430188,People & Blogs,Cardi B,9,nan,nan,nan,0
446,Busy Fun Ltd,18800000,7762077012,nan,TG MAYANK YT,2,nan,nan,nan,0
447,Farruko,18800000,9573641299,Music,Farruko,217,United States,US,Music,0
448,ýýýýýýýýýýýýýýýýýýýýýý,18800000,9594188708,Entertainment,ýýýýýýýýýýýýýýýýýýýýýý,530,Ukraine,UA,Entertainment,0
449,Triggered Insaan,18800000,3276891538,Comedy,Triggered Insaan,304,India,IN,People,0
450,CKN,18700000,12295637162,Entertainment,cKn,16,Spain,ES,Music,0
451,Ali-A,18700000,6148303268,Gaming,ali-a,2,nan,nan,People,0
452,Shemaroo Comedy,18600000,6047584292,Entertainment,Shemaroo Comedy,4487,India,IN,Comedy,0
453,Smile Family Spanish,18600000,7008250496,nan,Smile Family Spanish,457,United States,US,Entertainment,0
454,GRAMMY GOLD OFFICIAL,18600000,20196704276,Music,GRAMMY GOLD OFFICIAL,6287,Thailand,TH,Music,0
455,ýýýýýýýý ýýýýýýýýýý ýýýýýýýýýý | Arab Games Network,18600000,8761255550,Gaming,ýýýýýýýý ýýýýýýýýýý ýýýýýýýýýý | Arab Games ýýý,6289,Saudi Arabia,SA,Games,0
456,Dan-Sa / Daniel Saboya,18500000,2908120896,Music,Dan-Sa / Daniel Saboya,1329,Brazil,BR,Music,0
457,Marmok,18500000,3457618361,Gaming,Marmok,374,Russia,RU,Games,0
458,The ACE Family,18500000,4558380251,People & Blogs,The ACE Family,712,nan,nan,People,0
459,Like Nastya Vlog,18500000,8147575884,People & Blogs,Like Nastya Vlog,493,Russia,RU,People,0
460,Willie Salim,18500000,4051072188,People & Blogs,Willie Salim,679,Indonesia,ID,People,0
461,PDK Films,18400000,4120324310,Entertainment,PDK Films,111,United States,US,Entertainment,0
462,TheWillyrex,18400000,7038827526,Comedy,TheWillyrex,6943,Spain,ES,Games,0
463,RsiamMusic : ï¿½ï¿½ï¿½ï¿½ï¿½ï¿½ï¿½ï¿½,18400000,11544297793,Music,RsiamMusic : ï¿½ï¿½ï¿½ï¿½ï¿½ï¿½ï¿½ï¿½,3159,Thailand,TH,Music,0
464,Dhar Mann,18400000,11280732382,People & Blogs,Alejandro Basalo,0,nan,nan,nan,0
465,shakiraVEVO,18400000,25367126292,Music,shakiraVEVO,197,United States,US,Music,0
466,Naisa Alifia Yuriza (N.A.Y),18300000,1606834186,People & Blogs,Naisa Alifia Yuriza (N.A.Y),786,Indonesia,ID,Entertainment,0
467,Miley Cyrus,18300000,7760819588,Entertainment,Miley Cyrus,142,United States,US,Entertainment,0
468,IShowSpeed,18300000,1556003039,Gaming,IShowSpeed,1324,United States,US,Games,0
469,Good Mythical Morning,18300000,8798044678,Entertainment,Goodmythicalmorning,0,nan,nan,nan,0
470,Bobby chourasiya,18200000,9937823152,People & Blogs,Bobby chourasiya,442,nan,nan,People,0
471,INCRï¿½ï¿,18200000,3213324455,People & Blogs,INCRï¿½ï¿,6903,Brazil,BR,Howto,0
472,Jake Fellman,18100000,13378360425,Entertainment,Jake Fellman,420,United States,US,Entertainment,0
473,GEN HALILINTAR,18100000,3306242674,Entertainment,GEN HALILINTAR,1037,Indonesia,ID,Entertainment,0
474,SQUEEZIE,18100000,9983065083,Gaming,SQUEEZIE,1521,France,FR,Entertainment,0
475,Blippi - Educational Videos for Kids,18100000,14857290259,Education,Blippi - Educational Videos for Kids,707,United States,US,Education,0
476,officialpsy,18100000,10703830496,Music,officialpsy,131,South Korea,KR,Music,0
477,Ajay Sharma,18100000,12249828886,Entertainment,Ajay Sharma,0,nan,nan,nan,0
478,Manual do Mundo,18000000,3980991248,Howto & Style,Manual do Mundo,2470,Brazil,BR,Tech,0
479,How Ridiculous,18000000,9601137077,Sports,How Ridiculous,650,Australia,AU,Sports,0
480,And TV,18000000,15412333005,Entertainment,ANDtv,45,United States,US,Entertainment,0
481,Sebastiï¿½ï¿½ï¿½,18000000,10463166404,News & Politics,Sebastiï¿½ï¿½ï¿½,237,United States,US,Music,0
482,SonyMusicSouthVEVO,18000000,17921124985,Music,SonyMusicSouthVEVO,5692,United States,US,Music,0
483,TheGrefg,18000000,6404852037,Gaming,TheGrefg,3566,Spain,ES,Games,0
484,BeatboxJCOP,18000000,8716982055,Film & Animation,BeatboxJCOP,748,nan,nan,Entertainment,0
485,David Dobrik,17900000,7176572299,People & Blogs,David Dobrik,536,United States,US,People,0
486,KatieAngel,17900000,3841205465,People & Blogs,KatieAngel,982,United States,US,Music,0
487,RobleisIUTU,17900000,5168721499,Entertainment,RobleisIUTU,1344,Argentina,AR,Games,0
488,Lele Pons,17900000,5244917119,Comedy,Lele Pons,185,United States,US,Entertainment,0
489,Demi Lovato,17900000,6888074944,Music,Demi Lovato,314,United States,US,Music,0
490,Like Nastya VNM,17900000,9867515979,Entertainment,Like Nastya VNM,602,Vietnam,VN,Entertainment,0
491,Jason Derulo,17900000,9887116267,Music,Jason Derulo,830,United States,US,Music,0
492,MGC Playhouse,17900000,16174530046,Shows,MGC Playhouse,1426,United States,US,Education,0
493,Zuni and Family,17900000,6746269458,People & Blogs,zuni and family,2,nan,nan,People,0
494,Priyal Kukreja,17800000,11057945183,People & Blogs,Priyal Kukreja,772,India,IN,People,0
495,MSA previously My Story Animated,17800000,8588704539,Film & Animation,MSA Previously My Story Animated,26,United States,US,People,0
496,ýýýýýýýýý KIMPRO,17700000,19206701832,nan,ýýýýýýýýý KIMPRO,1646,South Korea,KR,People,0
497,Jane ASMR ï¿½ï¿½,17700000,7387621644,nan,Jane ASMR ï¿½ï¿½,1888,South Korea,KR,People,0
498,ArianaGrandeVevo,17700000,20115544708,Music,ArianaGrandeVevo,178,United States,US,Music,0
499,jaanvi patel,17700000,7912733203,People & Blogs,jaanvi patel,512,India,IN,People,0
500,tanboy kun,17700000,3647267655,People & Blogs,tanboy kun,739,Indonesia,ID,Entertainment,0
